Name,Max,Min,Mean,Median,Std,Q1,Q3
auger_drill_bit_20_235,11.585569990293944,1.9771438895538214,6.757839440013527,6.797409744077072,2.670926681197176,4.558991746018912,8.838612843653443
spade_drill_bit_25_150,13.592507883389299,1.663677084052088,5.568263907719351,4.750528879729568,3.318318213022822,2.7345217502177244,8.060572164967391
auger_drill_bit_35_235,12.932732155271749,9.764103448857941,11.391300652432832,11.21103070868157,0.7755778070395234,10.876328798216125,11.91936647665606
brad_point_drill_bit_20_150,6.020470778934136,1.6768730065213722,3.742693366454665,3.599933219173413,1.063684622342214,3.315697174508497,4.376017978538812
twist_drill_bit_32_165,6.279751469604517,1.3640675056609193,2.989834881501671,2.984488997839894,1.1395987165179011,2.072264569912612,3.4986869382528822
self_feeding_bit_50_90,4.819055480070751,1.7602281897526746,3.39010713461919,3.3904215722175364,0.8044553300378534,3.0716925557806674,3.913288967172064
circular_saw_blade_makita_190,2.8334186842046476,0.7503389367479248,1.9026711897672337,1.9885071348312875,0.4706048699596519,1.5672812920678545,2.1900722787456335
chain_swordsaw_blade_200,5.673914148099175,4.536604016221808,5.359976713465731,5.404730365054112,0.277199182287367,5.288039786470826,5.568149253439328
chain_saw_blade_f_250,13.783536673872911,6.224541544563717,11.036555954249188,11.787178124430877,2.004590818832823,10.621127086833338,12.43075657204072
