Name,Max,Min,Mean,Median,Std,Q1,Q3
auger_drill_bit_20_235,9.584403052124763,4.368158067366472,6.169303031559527,6.132764624499659,1.3834214492343675,5.013611422243996,6.667002562768083
spade_drill_bit_25_150,11.741390304765796,1.7961292503812303,4.96533008755123,3.588405199566612,2.9093728646720822,2.782547727399432,6.798152543532397
auger_drill_bit_35_235,14.360043362905634,10.612894805734191,12.849361629265129,12.879848286232802,0.9112691181872483,12.31722960701262,13.486520648214514
brad_point_drill_bit_20_150,4.862470558121397,1.8482419944321196,2.922585722991734,3.0513439443379893,0.6885671065378918,2.3888187490058077,3.2275774560236026
twist_drill_bit_32_165,4.89031868231583,1.6809937320088086,3.2137769773652476,3.352407340850494,0.826556103813627,2.5060794375980957,3.6256349951872036
self_feeding_bit_50_90,4.560626528120201,2.035247558222167,3.09122562446074,3.051590085218014,0.6671003741074272,2.7489686606365598,3.25611373414938
circular_saw_blade_makita_190,2.7633963955783782,0.8093959645715129,1.9927589540177781,2.074402891530963,0.4802557886290051,1.6914387947974108,2.362869183263423
chain_swordsaw_blade_200,5.50391901603526,4.2374360817585135,5.203225477339239,5.227353559436585,0.28415537384174394,5.156612123504402,5.394724339096198
chain_saw_blade_f_250,13.383196963209713,5.92780002981055,10.61325829579382,11.264633285293296,1.9323726089109303,9.995583627203807,11.72005877751391
