Name,Max,Min,Mean,Median,Std,Q1,Q3
auger_drill_bit_20_235,1.694095105260508,0.24534068662467198,0.8467937511216171,0.7449272922884018,0.420591215644588,0.5410763527444221,1.1948839253110208
spade_drill_bit_25_150,8.75181319215018,0.1664099464910436,2.744192657362627,2.1405055960572095,2.0414566270692274,1.2440903225927786,3.806799990967554
auger_drill_bit_35_235,2.6574634512896247,1.2313151982175998,1.959674993729826,1.996553581130881,0.4484161483512639,1.6122875472761597,2.329620685599364
brad_point_drill_bit_20_150,1.725268764563697,0.17542991707957686,0.945829990023518,0.910386585328758,0.43218934216460186,0.6166232374698294,1.21111677830282
twist_drill_bit_32_165,2.8744461802813177,0.1388311762151629,0.7315892179167842,0.5102228848399295,0.623794949001641,0.39728637049844545,0.9446805884115173
self_feeding_bit_50_90,2.2942668204642964,0.31404539286784744,1.094601707834869,0.9869255745904473,0.5891220298743585,0.61903002672272,1.4661001907949507
circular_saw_blade_makita_190,1.6850966898498199,0.1699419713177512,0.9203180837728205,0.906855954298887,0.3700167231010661,0.7179971034115866,1.1163810716795484
chain_swordsaw_blade_200,1.485849057964932,0.6964628628106453,1.0960404528265648,1.104594412301744,0.19884503024468037,0.9882156611578902,1.180343125113357
chain_saw_blade_f_250,4.644723722943878,0.13132238659505943,2.076626954062285,1.7296379406668363,1.214606550374353,1.0652129296310169,2.878842720247779
