Name,Max,Min,Mean,Median,Std,Q1,Q3
auger_drill_bit_20_235,8.223673507624225,3.045561518012732,5.580766623105527,5.3137603636049455,1.2391310990583448,4.881390036569506,6.326600139918176
spade_drill_bit_25_150,18.934070269226336,0.6209355844208044,4.362396267383109,2.9384169307638652,3.985707816643786,2.1359245820726254,5.2625640331902614
auger_drill_bit_35_235,16.020686758820773,11.461686162610437,14.307422606097425,14.261519721040209,1.1347127501125365,13.735889656704913,15.134391745920187
brad_point_drill_bit_20_150,3.704470337308657,1.1937872004674783,2.1024780795288027,2.012886968420406,0.5956278989350003,1.7666044932618818,2.4168939277913775
twist_drill_bit_32_165,4.720474787518732,1.9979199583566978,3.4377190732288243,3.5867977307730676,0.7613321128733065,2.931068301189667,4.038155935590314
self_feeding_bit_50_90,5.3065447788556375,1.5269785350161635,2.7923441143022907,2.5567308717187354,0.8646561362435545,2.312486204053288,3.094784515185659
circular_saw_blade_makita_190,2.7311367303743697,0.8684529923951009,2.082846718268322,2.1140354416828053,0.5095784787220418,1.7015693383426311,2.5300215053370065
chain_swordsaw_blade_200,5.333923883971345,3.9382681472952195,5.046474241212746,5.06756286019368,0.3141736241468872,5.004082673201387,5.2606186369435886
chain_saw_blade_f_250,12.982857252546514,5.631058515057383,10.189960637338457,10.576612062004436,1.9810122055105586,9.494257386645343,11.100949626698444
