Name,Max,Min,Mean,Median,Std,Q1,Q3
auger_drill_bit_20_235,0.13099762642506163,0.1286863243543773,0.129821723618152,0.129781220075017,0.0009440196743155617,0.12896004828453722,0.13069352483755048
chain_saw_blade_f_250,0.12768162302790484,0.12649345479731353,0.12720853141674052,0.12745051642500316,0.0005143627087406507,0.12673272020423593,0.1276238463771794
circular_saw_blade_makita_190,0.04815572917109653,0.014771355252650347,0.026945169896436704,0.026476406478221328,0.008222961418507058,0.02004599161927388,0.03238011315607157
