Name,Max,Min,Mean,Median,Std,Q1,Q3
auger_drill_bit_20_235,0.15078519566790424,0.11837414568166725,0.1298973771527327,0.12053279010862657,0.014796185503535888,0.11891380678840707,0.14322209427808483
chain_saw_blade_f_250,0.1754938428020012,0.17434676093348522,0.1750222978663483,0.1752262898635585,0.000490005955381415,0.17456664316600354,0.17542695456739052
circular_saw_blade_makita_190,0.3164075832749761,0.2831068960415604,0.2879679364004319,0.2835797989469045,0.008659741812202961,0.2832000265086398,0.288356383807664
