Name,Max,Min,Mean,Median,Std,Q1,Q3
auger_drill_bit_20_235,20.021353198854253,18.160488363695134,18.910309176496202,18.549085966939213,0.8014845138969448,18.257637764506153,19.653286390875493
chain_saw_blade_f_250,86.16472139643332,85.98958748643402,86.08491993582753,86.10045092461525,0.07233662197188064,86.01730334597933,86.1486537784788
circular_saw_blade_makita_190,136.1855821251297,130.35550558563352,131.60114594632074,131.04679445846642,1.447996743086714,130.5383127766753,132.3372569490448
