Name,Max,Min,Mean,Median,Std,Q1,Q3
auger_drill_bit_20_235,0.17288406698143122,0.1069670712883175,0.1299730306873134,0.11006795379219149,0.03036908126095827,0.107742291914286,0.15718003868412128
chain_saw_blade_f_250,0.22330606257609756,0.22220006706965686,0.22283606431595612,0.2230020633021139,0.00046652850046616375,0.22240056612777112,0.22323006275760165
circular_saw_blade_makita_190,0.5846594373788556,0.5312164362049052,0.548990702904427,0.543194060915397,0.01532958686717787,0.5355664216249559,0.5606083320772534
